{
    "name": "DelimitedText5",
    "properties": {
        "linkedServiceName": {
            "referenceName": "AzureDataLakeStorage1",
            "type": "LinkedServiceReference"
        },
        "annotations": [],
        "type": "DelimitedText",
        "typeProperties": {
            "location": {
                "type": "AzureBlobFSLocation",
                "fileName": "now_spa1111.csv",
                "fileSystem": "saa"
            },
            "columnDelimiter": ",",
            "escapeChar": "\\",
            "firstRowAsHeader": true,
            "quoteChar": "\""
        },
        "schema": [
            {
                "name": "station_name",
                "type": "String"
            },
            {
                "name": "county",
                "type": "String"
            },
            {
                "name": "latitude",
                "type": "String"
            },
            {
                "name": "longitude",
                "type": "String"
            }
        ]
    },
    "type": "Microsoft.DataFactory/factories/datasets"
}