{
    "name": "DelimitedText4",
    "properties": {
        "linkedServiceName": {
            "referenceName": "AzureDataLakeStorage1",
            "type": "LinkedServiceReference"
        },
        "annotations": [],
        "type": "DelimitedText",
        "typeProperties": {
            "location": {
                "type": "AzureBlobFSLocation",
                "fileName": "now_crime1.csv",
                "fileSystem": "saa"
            },
            "columnDelimiter": ",",
            "escapeChar": "\\",
            "firstRowAsHeader": true,
            "quoteChar": "\""
        },
        "schema": [
            {
                "name": "id_no",
                "type": "String"
            },
            {
                "name": "year",
                "type": "String"
            },
            {
                "name": "c02480v03003",
                "type": "String"
            },
            {
                "name": "type_of_offence",
                "type": "String"
            },
            {
                "name": "value",
                "type": "String"
            },
            {
                "name": "city",
                "type": "String"
            },
            {
                "name": "county",
                "type": "String"
            },
            {
                "name": "quarter",
                "type": "String"
            }
        ]
    },
    "type": "Microsoft.DataFactory/factories/datasets"
}