{
    "name": "dataflow1",
    "properties": {
        "type": "MappingDataFlow",
        "typeProperties": {
            "sources": [
                {
                    "dataset": {
                        "referenceName": "DelimitedText4",
                        "type": "DatasetReference"
                    },
                    "name": "source1"
                },
                {
                    "dataset": {
                        "referenceName": "DelimitedText5",
                        "type": "DatasetReference"
                    },
                    "name": "source2"
                }
            ],
            "sinks": [
                {
                    "dataset": {
                        "referenceName": "DelimitedText6",
                        "type": "DatasetReference"
                    },
                    "name": "sink1",
                    "rejectedDataLinkedService": {
                        "referenceName": "AzureDataLakeStorage1",
                        "type": "LinkedServiceReference"
                    }
                }
            ],
            "transformations": [
                {
                    "name": "join1"
                },
                {
                    "name": "derivedColumn1"
                },
                {
                    "name": "derivedColumn2"
                },
                {
                    "name": "select1"
                }
            ],
            "scriptLines": [
                "source(output(",
                "          id_no as integer,",
                "          year as integer,",
                "          c02480v03003 as integer,",
                "          type_of_offence as string,",
                "          value as integer,",
                "          city as string,",
                "          county as string,",
                "          quarter as integer",
                "     ),",
                "     allowSchemaDrift: true,",
                "     validateSchema: false,",
                "     ignoreNoFilesFound: false) ~> source1",
                "source(output(",
                "          station_name as string,",
                "          county as string,",
                "          latitude as double,",
                "          longitude as double",
                "     ),",
                "     allowSchemaDrift: true,",
                "     validateSchema: false,",
                "     ignoreNoFilesFound: false) ~> source2",
                "derivedColumn1, derivedColumn2 join(derivedColumn1@county == derivedColumn2@county",
                "     && station_name == city,",
                "     joinType:'inner',",
                "     matchType:'exact',",
                "     ignoreSpaces: false,",
                "     broadcast: 'auto')~> join1",
                "source1 derive(county = upper(county),",
                "          city = upper(city)) ~> derivedColumn1",
                "source2 derive(county = upper(county),",
                "          station_name = upper(station_name)) ~> derivedColumn2",
                "join1 select(mapColumn(",
                "          id_no,",
                "          year,",
                "          crime_id = c02480v03003,",
                "          type_of_offence,",
                "          value,",
                "          city,",
                "          county = derivedColumn1@county,",
                "          station_name,",
                "          latitude,",
                "          longitude",
                "     ),",
                "     skipDuplicateMapInputs: true,",
                "     skipDuplicateMapOutputs: true) ~> select1",
                "select1 sink(allowSchemaDrift: true,",
                "     validateSchema: false,",
                "     input(",
                "          id_no as string,",
                "          year as string,",
                "          c02480v03003 as string,",
                "          type_of_offence as string,",
                "          value as string,",
                "          city as string,",
                "          county6 as string,",
                "          county7 as string,",
                "          quarter as string,",
                "          station_name as string,",
                "          latitude as string,",
                "          longitude as string,",
                "          similarityScore as string",
                "     ),",
                "     umask: 0022,",
                "     preCommands: [],",
                "     postCommands: [],",
                "     skipDuplicateMapInputs: true,",
                "     skipDuplicateMapOutputs: true,",
                "     outputAssertFailedRows: true,",
                "     assertFailure_fileSystem: 'sink',",
                "     mapColumn(",
                "          id_no,",
                "          year,",
                "          crime_id,",
                "          type_of_offence,",
                "          value,",
                "          city,",
                "          county,",
                "          station_name,",
                "          latitude,",
                "          longitude",
                "     )) ~> sink1"
            ]
        }
    }
}