{
    "now": "2025-01-25T21:02:56.438Z",
    "perfNow": 177654.20000001788,
    "diagnosticCorrelation": "567f756b-e677-4c24-94d8-a137feaa360a",
    "source": "DownloadSupportFiles",
    "environment": {
        "productName": "adf",
        "buildVersion": "1.0.012325.2",
        "environmentType": 3,
        "resourceName": "Project-k",
        "resourceRegion": "eastus",
        "resourceGroup": "new_rg",
        "subscriptionId": "c62f205e-0a6e-4328-9355-190fdbf6fbed",
        "sessionId": "vi0cIgfIpWijW8mL4zrpET",
        "operationId": "",
        "gitType": "live",
        "loggingKey": "ac24645a-abb4-4612-a563-dd0d57595570"
    },
    "additionalInfo": {
        "selectedResource": "pipeline1",
        "selectedResourceType": "pipeline"
    }
}