station_name,county,latitude,longitude
BAGENALSTOWN,CARLOW,52.701304,-6.957377
BALLON,CARLOW,52.743227,-6.772201
BORRIS,CARLOW,52.601803,-6.929329
BUNCLODY,CARLOW,52.656759,-6.662496
CARLOW,CARLOW,52.840527,-6.929336
HACKETSTOWN,CARLOW,52.864342,-6.556999
MYSHALL,CARLOW,52.687521,-6.778465
RATHVILLY,CARLOW,52.880429,-6.695387
TULLOW,CARLOW,52.803828,-6.733421
ARVAGH,CAVAN,53.925365,-7.583754
BAILIEBOROUGH,CAVAN,53.915204,-6.969661
BALLINAGH,CAVAN,53.931101,-7.409656
BALLYCONNELL,CAVAN,54.118986,-7.580232
BALLYJAMESDUFF,CAVAN,53.863101,-7.208795
BELTURBET,CAVAN,54.101154,-7.442644
BLACKLION,CAVAN,54.291464,-7.87622
CAVAN,CAVAN,53.993319,-7.360907
COOTEHILL,CAVAN,54.074698,-7.078735
DOWRA,CAVAN,54.190413,-8.015276
KILLASHANDRA,CAVAN,54.011738,-7.525959
KILNALECK,CAVAN,53.858458,-7.317949
KINGSCOURT,CAVAN,53.904307,-6.806791
MULLAGH,CAVAN,53.811132,-6.943217
SHERCOCK,CAVAN,53.992191,-6.900818
SWANLINBAR,CAVAN,54.196098,-7.703867
VIRGINIA,CAVAN,53.834435,-7.081956
ARDNACRUSHA,CLARE,52.707688,-8.613155
BALLYVAUGHAN,CLARE,53.116145,-9.14712
COROFIN,CLARE,52.947985,-9.068596
CRUSHEEN,CLARE,52.938471,-8.898645
ENNIS,CLARE,52.846804,-8.981128
ENNISTYMON,CLARE,52.937386,-9.288543
KILDYSART,CLARE,52.674599,-9.105839
KILKEE,CLARE,52.682395,-9.64472
KILLALOE,CLARE,52.806658,-8.443671
KILRUSH,CLARE,52.641058,-9.48108
LISDOONVARNA,CLARE,53.028616,-9.289673
KILMIHIL,CLARE,52.720244,-9.311552
MILTOWN MALBAY,CLARE,52.857446,-9.400598
NEWMARKET-ON-FERGUS,CLARE,52.763167,-8.899121
SCARRIFF,CLARE,52.906825,-8.534782
SHANNON,CLARE,52.70789,-8.877228
SIXMILEBRIDGE,CLARE,52.740097,-8.777953
TULLA,CLARE,52.86538,-8.75478
ANGLEASEA STREET,CORK,51.895776,-8.465021
BALLINCOLLIG,CORK,51.888238,-8.590325
BALLINEEN,CORK,51.735921,-8.948866
BALLINGEARY,CORK,51.851864,-9.22898
BALLINHASSIG,CORK,51.804094,-8.570549
BALLYCOTTON,CORK,51.830335,-8.013103
BALLYDEHOB,CORK,51.559118,-9.460772
BALLYDESMOND,CORK,52.178233,-9.230972
BALLYNOE,CORK,52.060208,-8.099317
BALLYVOURNEY,CORK,51.945771,-9.169195
BALTIMORE,CORK,51.48349,-9.372247
BANDON,CORK,51.745085,-8.739864
BANTRY,CORK,51.68027,-9.455232
BISHOPSTOWN,CORK,51.880668,-8.514539
BLACKROCK,CORK,51.894336,-8.404317
BLARNEY,CORK,51.931965,-8.567663
BOHERBUE,CORK,52.158971,-9.069754
BRIDEWELL,CORK,51.900462,-8.477089
BUTTEVANT,CORK,52.229312,-8.671281
CARRIGALINE,CORK,51.814835,-8.391541
CARRIGNAVAR,CORK,51.988916,-8.478215
CARRIGTWOHILL,CORK,51.909468,-8.261828
CASTLETOWNBERE,CORK,51.649484,-9.914671
CASTLETOWNROCHE,CORK,52.170729,-8.467958
CHARLEVILLE,CORK,52.356052,-8.682573
CLONAKILTY,CORK,51.624952,-8.888906
CLOYNE,CORK,51.862762,-8.123509
COACHFORD,CORK,51.909135,-8.791139
COBH,CORK,51.848242,-8.30365
CROOKSTOWN,CORK,51.858654,-8.801266
CROSSHAVEN,CORK,51.803978,-8.30446
DONERAILE,CORK,52.215705,-8.585421
DOUGLAS,CORK,51.875092,-8.430966
DRIMOLEAGUE,CORK,51.659025,-9.26398
DRINAGH,CORK,51.647711,-9.154521
DUNMANWAY,CORK,51.722828,-9.110137
DURRUS,CORK,51.620543,-9.523947
FERMOY,CORK,52.138516,-8.274173
GLANMIRE,CORK,51.91842,-8.396816
GLANTANE,CORK,52.104691,-8.748769
GLENGARRIFF,CORK,51.750565,-9.550703
GURRANABRAHER,CORK,51.903495,-8.496628
INNISHANNON,CORK,51.76443,-8.65544
KANTURK,CORK,52.175869,-8.912581
KEALKILL,CORK,51.755047,-9.375312
KILBRITTAIN,CORK,51.673532,-8.690113
KILDORREY,CORK,52.245438,-8.429632
KILLEAGH,CORK,51.939764,-7.994974
KILWORTH,CORK,52.176253,-8.249578
KINSALE,CORK,51.706323,-8.525484
LISCARROLL,CORK,52.259566,-8.806266
MACROOM,CORK,51.906269,-8.963997
MALLOW,CORK,52.138769,-8.645946
MAYFIELD,CORK,51.909733,-8.42905
MIDLETON,CORK,51.916683,-8.173536
MILFORD,CORK,52.342463,-8.856405
MILLSTREET,CORK,52.060068,-9.061533
MITCHELSTOWN,CORK,52.263585,-8.270578
NEWMARKET,CORK,52.214574,-8.996984
PASSAGE WEST,CORK,51.86519,-8.331753
RATHCORMAC,CORK,52.076086,-8.28434
ROSSCARBERY,CORK,51.577572,-9.031498
SCHULL,CORK,51.52872,-9.541349
SKIBBEREEN,CORK,51.548588,-9.264126
STUAKE,CORK,51.990501,-8.760128
TARELTON,CORK,51.838531,-8.992848
TIMOLEAGUE,CORK,51.642667,-8.766241
TOGHER,CORK,51.876498,-8.486233
WATERCOURSE ROAD,CORK,51.907176,-8.474489
WATERGRASSHILL,CORK,52.013444,-8.34203
WHITEGATE,CORK,51.827072,-8.227819
YOUGHAL,CORK,51.948071,-7.842767
ARDARA,DONEGAL,54.764507,-8.409516
BALLINTRA,DONEGAL,54.577779,-8.125448
BALLYBOFEY,DONEGAL,54.800005,-7.779676
BALLYSHANNON,DONEGAL,54.498725,-8.204845
BUNBEG,DONEGAL,55.065542,-8.289493
BUNCRANA,DONEGAL,55.131479,-7.450759
BUNDORAN,DONEGAL,54.476535,-8.279372
BURNFOOT,DONEGAL,55.054654,-7.401622
BURTONPORT,DONEGAL,54.984897,-8.438674
CARNDONAGH,DONEGAL,55.253486,-7.259512
CARRICK,DONEGAL,54.657858,-8.633117
CARRIGANS,DONEGAL,54.951168,-7.426793
CARRIGART,DONEGAL,55.175105,-7.798528
CASTLEFINN,DONEGAL,54.802681,-7.595272
CLOGHER,DONEGAL,54.836755,-8.427533
CLONMANY,DONEGAL,55.262987,-7.412867
CONVOY,DONEGAL,54.859305,-7.66903
CREESLOUGH,DONEGAL,55.125258,-7.912597
DONEGAL,DONEGAL,54.652404,-8.111092
DUNFANAGHY,DONEGAL,55.182897,-7.974479
DUNGLOE,DONEGAL,54.951542,-8.361313
FALCARRAGH,DONEGAL,55.136953,-8.102057
GLENTIES,DONEGAL,54.795528,-8.281013
KERRYKEEL,DONEGAL,55.137116,-7.666369
KILLYBEGS,DONEGAL,54.636578,-8.444421
KILMACRENNAN,DONEGAL,55.029474,-7.778557
LETTERKENNY,DONEGAL,54.954676,-7.736464
LIFFORD,DONEGAL,54.832811,-7.480311
MILFORD,DONEGAL,55.086968,-7.698152
MOUNTCHARLES,DONEGAL,54.645973,-8.195868
MOVILLE,DONEGAL,55.191612,-7.028619
MUFF,DONEGAL,55.068568,-7.268804
NEWTOWNCUNNINGHAM,DONEGAL,54.99758,-7.507835
PETTIGO,DONEGAL,54.548213,-7.834913
RAMELTON,DONEGAL,55.036631,-7.650768
RAPHOE,DONEGAL,54.874381,-7.594411
RATHMULLAN,DONEGAL,55.095779,-7.53261
AIRPORT,DUBLIN,53.429698,-6.244212
BALBRIGGAN,DUBLIN,53.614327,-6.191206
BALLYFERMOT,DUBLIN,53.344758,-6.358019
BALLYMUN,DUBLIN,53.394529,-6.26374
BLACKROCK,DUBLIN,53.299805,-6.177532
BLANCHARDSTOWN,DUBLIN,53.389919,-6.381003
BRIDEWELL,DUBLIN,53.347079,-6.274158
CABINTEELY,DUBLIN,53.260789,-6.15068
CABRA,DUBLIN,53.364983,-6.307669
CLONDALKIN,DUBLIN,53.323144,-6.394985
CLONTARF,DUBLIN,53.363543,-6.220181
COOLOCK,DUBLIN,53.390334,-6.201129
CRUMLIN,DUBLIN,53.319565,-6.315045
DONNYBROOK,DUBLIN,53.32173,-6.235942
DUN LAOGHAIRE,DUBLIN,53.289915,-6.133376
DUNDRUM,DUBLIN,53.289543,-6.2426
FINGLAS,DUBLIN,53.389649,-6.306948
FITZGIBBON STREET,DUBLIN,53.357734,-6.255388
GARRISTOWN,DUBLIN,53.567048,-6.383934
HOWTH,DUBLIN,53.387287,-6.069032
IRISHTOWN,DUBLIN,53.338062,-6.223069
KEVIN STREET,DUBLIN,53.338981,-6.270276
KILMAINHAM,DUBLIN,53.341867,-6.304301
LUCAN,DUBLIN,53.35605,-6.450707
LUSK,DUBLIN,53.523429,-6.167368
MALAHIDE,DUBLIN,53.451161,-6.151991
MOUNTJOY,DUBLIN,53.360483,-6.266854
PEARSE STREET,DUBLIN,53.345701,-6.256298
RAHENY,DUBLIN,53.378982,-6.178016
RATHCOOLE,DUBLIN,53.281791,-6.464735
RATHFARNHAM,DUBLIN,53.297387,-6.288178
RATHMINES,DUBLIN,53.321316,-6.267032
RONANSTOWN,DUBLIN,53.337897,-6.40605
SANTRY,DUBLIN,53.389727,-6.251664
SHANKILL,DUBLIN,53.233524,-6.121045
SKERRIES,DUBLIN,53.579591,-6.106998
STORE STREET,DUBLIN,53.350454,-6.252275
SUNDRIVE ROAD,DUBLIN,53.33019,-6.298759
SWORDS,DUBLIN,53.456021,-6.221147
TALLAGHT,DUBLIN,53.2868,-6.367865
TERENURE,DUBLIN,53.309814,-6.288057
AHASCRAGH,GALWAY,53.395664,-8.330655
ARDRAHAN,GALWAY,53.156642,-8.806466
ATHENRY,GALWAY,53.299741,-8.749699
BALLINASLOE,GALWAY,53.328423,-8.22364
BALLYGAR,GALWAY,53.521856,-8.328406
BARNADERG,GALWAY,53.480533,-8.722481
CARNA,GALWAY,53.323535,-9.824407
CARRAROE,GALWAY,53.264496,-9.600497
CLIFDEN,GALWAY,53.488169,-10.009242
COROFIN,GALWAY,53.437624,-8.863013
CRAUGHWELL,GALWAY,53.229421,-8.733932
CREGGS,GALWAY,53.594849,-8.363809
DUNMORE,GALWAY,53.617543,-8.740644
EYRECOURT,GALWAY,53.19942,-8.132383
GALWAY,GALWAY,53.271394,-9.057498
GLENAMADDY,GALWAY,53.607432,-8.560196
GORT,GALWAY,53.067427,-8.818194
HEADFORD,GALWAY,53.470306,-9.098317
INVERIN,GALWAY,53.240576,-9.429574
KILCONNELL,GALWAY,53.331366,-8.401671
KILLIMOR,GALWAY,53.16588,-8.294202
KILRICKLE,GALWAY,53.230636,-8.452744
KILRONAN,GALWAY,53.121295,-9.667821
KILTORMER,GALWAY,53.23757,-8.271355
KINVARA,GALWAY,53.140462,-8.939735
LEITIR MOR,GALWAY,53.2894,-9.655069
LETTERFRACK,GALWAY,53.554188,-9.947677
LOUGHGEORGE,GALWAY,53.357046,-8.931304
LOUGHREA,GALWAY,53.197366,-8.56996
MAUM,GALWAY,53.510714,-9.564936
MILLTOWN,GALWAY,53.611593,-8.897459
MONIVEA,GALWAY,53.373976,-8.702344
MOUNTBELLEW,GALWAY,53.471152,-8.500119
MOYCULLEN,GALWAY,53.338299,-9.181175
MOYLOUGH,GALWAY,53.487684,-8.56703
ORANMORE,GALWAY,53.272065,-8.931903
OUGHTERARD,GALWAY,53.427343,-9.324552
PORTUMNA,GALWAY,53.090004,-8.220444
RECESS,GALWAY,53.465301,-9.721436
ROS MUC,GALWAY,53.38635,-9.609869
ROUNDSTONE,GALWAY,53.393562,-9.92111
SALTHILL,GALWAY,53.258778,-9.079723
SPIDDAL,GALWAY,53.245422,-9.30564
TUAM,GALWAY,53.515651,-8.855897
WILLIAMSTOWN,GALWAY,53.677134,-8.578428
WOODFORD,GALWAY,53.047605,-8.400145
ANNASCAUL,KERRY,52.152415,-10.052535
ARDFERT,KERRY,52.323482,-9.778884
BALLYBUNNION,KERRY,52.511252,-9.670239
BALLYDUFF,KERRY,52.455848,-9.663106
BALLYFERRITER,KERRY,52.165922,-10.406192
BALLYHEIGUE,KERRY,52.389168,-9.827457
BARRADUFF,KERRY,52.059763,-9.340942
CAHERCIVEEN,KERRY,51.946965,-10.219828
CASTLEGREGORY,KERRY,52.254159,-10.020615
CASTLEISLAND,KERRY,52.230792,-9.467496
CASTLEMAINE,KERRY,52.170227,-9.700591
DINGLE,KERRY,52.139244,-10.270495
FARRANFORE,KERRY,52.171388,-9.549686
GLENBEIGH,KERRY,52.057121,-9.937059
KENMARE,KERRY,51.878502,-9.581621
KILLARNEY,KERRY,52.062401,-9.512386
KILLORGLIN,KERRY,52.106493,-9.787142
KNOCKNAGOSHEL,KERRY,52.330663,-9.385308
LISTOWEL,KERRY,52.447128,-9.483918
LIXNAW,KERRY,52.40407,-9.616642
PORTMAGEE,KERRY,51.885159,-10.361775
RATHMORE,KERRY,52.084274,-9.214231
SNEEM,KERRY,51.838914,-9.903953
TARBERT,KERRY,52.572729,-9.375425
TRALEE,KERRY,52.269484,-9.708839
WATERVILLE,KERRY,51.831086,-10.174166
ATHY,KILDARE,52.990204,-6.988256
CARBURY,KILDARE,53.338459,-6.936721
CASTLEDERMOT,KILDARE,52.90922,-6.849202
CELBRIDGE,KILDARE,53.343997,-6.54176
CLANE,KILDARE,53.293652,-6.685923
KILCOCK,KILDARE,53.403843,-6.672523
KILCULLEN,KILDARE,53.129139,-6.746594
KILDARE,KILDARE,53.156033,-6.907285
LEIXLIP,KILDARE,53.367375,-6.498277
MAYNOOTH,KILDARE,53.38081,-6.592727
MONASTEREVIN,KILDARE,53.138192,-7.05473
NAAS,KILDARE,53.210721,-6.66603
NEWBRIDGE,KILDARE,53.181433,-6.795553
RATHANGAN,KILDARE,53.222114,-6.997561
ROBERTSTOWN,KILDARE,53.270218,-6.816419
BALLYHALE,KILKENNY,52.468334,-7.201544
BENNETTSBRIDGE,KILKENNY,52.590303,-7.183259
CALLAN,KILKENNY,52.542375,-7.391055
CASTLECOMER,KILKENNY,52.799264,-7.209558
FERRYBANK,KILKENNY,52.267458,-7.101057
FRESHFORD,KILKENNY,52.732439,-7.394427
GLENMORE,KILKENNY,52.353841,-7.02803
GORESBRIDGE,KILKENNY,52.630035,-6.994453
GRAIGUENAMANAGH,KILKENNY,52.542472,-6.956786
KILKENNY,KILKENNY,52.65244,-7.259739
KILMACOW,KILKENNY,52.314569,-7.174859
KILMOGANNY,KILKENNY,52.46092,-7.3293
MOONCOIN,KILKENNY,52.294709,-7.257352
MULLINAVAT,KILKENNY,52.366385,-7.172172
PILTOWN,KILKENNY,52.349825,-7.32549
STONEYFORD,KILKENNY,52.536386,-7.228599
THOMASTOWN,KILKENNY,52.52895,-7.140049
URLINGFORD,KILKENNY,52.722101,-7.580146
ABBEYLEIX,LAOIS,52.912733,-7.343801
ARLES,LAOIS,52.890976,-7.018942
BALLYLYNAN,LAOIS,52.942953,-7.043255
BORRIS IN OSSORY,LAOIS,52.939294,-7.628819
CLONASLEE,LAOIS,53.148614,-7.526061
DURROW,LAOIS,52.844256,-7.396108
MOUNTMELLICK,LAOIS,53.118778,-7.335167
MOUNTRATH,LAOIS,52.998149,-7.47809
PORTARLINGTON,LAOIS,53.159155,-7.187816
PORTLAOISE,LAOIS,53.031647,-7.3031
RATHDOWNEY,LAOIS,52.856709,-7.597853
STRADBALLY,LAOIS,53.017672,-7.151622
BALLINAMORE,LEITRIM,54.054587,-7.796995
CARRICK ON SHANNON,LEITRIM,53.944325,-8.090172
CARRIGALLEN,LEITRIM,53.97558,-7.646733
DRUMSHAMBO,LEITRIM,54.04649,-8.04
KINLOUGH,LEITRIM,54.445759,-8.286982
MANORHAMILTON,LEITRIM,54.304342,-8.178537
MOHILL,LEITRIM,53.920819,-7.868098
ABBEYFEALE,LIMERICK,52.387294,-9.290015
ADARE,LIMERICK,52.5639,-8.792072
ASKEATON,LIMERICK,52.600204,-8.978292
ATHEA,LIMERICK,52.459919,-9.287473
BALLINGARRY,LIMERICK,52.472127,-8.862851
BALLYLANDERS,LIMERICK,52.370708,-8.345479
BALLYNEETY,LIMERICK,52.597268,-8.548941
BRUFF,LIMERICK,52.477328,-8.546983
BRUREE,LIMERICK,52.423158,-8.650426
CAHERCONLISH,LIMERICK,52.593813,-8.469546
CAPPAMORE,LIMERICK,52.614669,-8.338497
CASTLECONNELL,LIMERICK,52.713402,-8.49848
CROOM,LIMERICK,52.521998,-8.718806
DROMCOLLOGHER,LIMERICK,52.338219,-8.911266
FOYNES,LIMERICK,52.609725,-9.103675
GLIN,LIMERICK,52.569581,-9.284513
HENRY STREET,LIMERICK,52.661636,-8.631354
HOSPITAL,LIMERICK,52.475236,-8.432462
KILMALLOCK,LIMERICK,52.39838,-8.575777
MAYORSTONE,LIMERICK,52.673722,-8.644749
MURROE,LIMERICK,52.649678,-8.399198
NEWCASTLE WEST,LIMERICK,52.453742,-9.062399
OOLA,LIMERICK,52.529988,-8.259695
PALLASGREEN,LIMERICK,52.548288,-8.353091
PALLASKENRY,LIMERICK,52.640546,-8.866548
PATRICKSWELL,LIMERICK,52.595748,-8.712949
RATHKEALE,LIMERICK,52.523364,-8.939039
ROXBORO ROAD,LIMERICK,52.65076,-8.614919
BALLYMAHON,LONGFORD,53.561302,-7.760869
DRUMLISH,LONGFORD,53.821689,-7.765966
EDGEWORTHSTOWN,LONGFORD,53.695569,-7.606012
GRANARD,LONGFORD,53.778543,-7.494246
KEENAGH,LONGFORD,53.621942,-7.815118
LANESBORO,LONGFORD,53.670994,-7.985305
LONGFORD,LONGFORD,53.732501,-7.801401
SMEAR,LONGFORD,53.860557,-7.601706
ARDEE,LOUTH,53.854908,-6.541173
BLACKROCK,LOUTH,53.963751,-6.368279
CARLINGFORD,LOUTH,54.041222,-6.187254
CASTLEBELLINGHAM,LOUTH,53.899258,-6.389975
CLOGHERHEAD,LOUTH,53.790407,-6.242698
COLLON,LOUTH,53.777849,-6.484934
DROGHEDA,LOUTH,53.715052,-6.356677
DRUMAD,LOUTH,54.095761,-6.360833
DUNDALK,LOUTH,53.999492,-6.409703
DUNLEER,LOUTH,53.828519,-6.394603
HACKBALLSCROSS,LOUTH,54.031634,-6.5242
LOUTH,LOUTH,53.952388,-6.537954
OMEATH,LOUTH,54.086526,-6.256351
ACHILL SOUND,MAYO,53.933707,-9.918495
BALLA,MAYO,53.801854,-9.129891
BALLINA,MAYO,54.112836,-9.160459
BALLINDINE,MAYO,53.669634,-8.957738
BALLINROBE,MAYO,53.624597,-9.226224
BALLYCROY,MAYO,54.025745,-9.825862
BALLYHAUNIS,MAYO,53.763961,-8.767422
BANGOR ERRIS,MAYO,54.143959,-9.747087
BELMULLET,MAYO,54.221726,-9.98559
BONNICONLON,MAYO,54.109535,-9.028978
CASTLEBAR,MAYO,53.853419,-9.297639
CHARLESTOWN,MAYO,53.96273,-8.793531
CLAREMORRIS,MAYO,53.722283,-9.000261
CONG,MAYO,53.541455,-9.286544
CROSSMOLINA,MAYO,54.099795,-9.322716
FOXFORD,MAYO,53.98327,-9.108425
GLENAMOY,MAYO,54.240819,-9.678781
KEEL,MAYO,53.975353,-10.082254
KILKELLY,MAYO,53.873342,-8.843471
KILLALA,MAYO,54.214085,-9.22053
KILMAINE,MAYO,53.582584,-9.123807
KILTIMAGH,MAYO,53.84604,-9.005779
KNOCK,MAYO,53.795349,-8.918845
LOUISBURGH,MAYO,53.764591,-9.807601
NEWPORT,MAYO,53.890166,-9.546628
PARTRY,MAYO,53.698667,-9.279597
SHRULE,MAYO,53.519834,-9.087635
SWINFORD,MAYO,53.940621,-8.952226
WESTPORT,MAYO,53.799053,-9.519445
ASHBOURNE,MEATH,53.511373,-6.397029
ATHBOY,MEATH,53.623633,-6.915898
BALLIVOR,MEATH,53.532698,-6.967182
DULEEK,MEATH,53.653861,-6.418094
DUNBOYNE,MEATH,53.42109,-6.477181
DUNSAUGHLIN,MEATH,53.510758,-6.539339
ENFIELD,MEATH,53.415107,-6.833889
KELLS,MEATH,53.728402,-6.881243
LAYTOWN,MEATH,53.689193,-6.244038
LONGWOOD,MEATH,53.454567,-6.926984
NAVAN,MEATH,53.654512,-6.690447
NOBBER,MEATH,53.820947,-6.746671
OLDCASTLE,MEATH,53.769267,-7.16196
SLANE,MEATH,53.709676,-6.547536
SUMMERHILL,MEATH,53.481956,-6.733464
TRIM,MEATH,53.55311,-6.78933
BALLYBAY,MONAGHAN,54.128935,-6.904837
CARRICKMACROSS,MONAGHAN,53.976052,-6.71881
CASTLEBLANEY,MONAGHAN,54.117849,-6.735068
CLONES,MONAGHAN,54.177478,-7.228191
EMYVALE,MONAGHAN,54.339345,-6.957634
MONAGHAN,MONAGHAN,54.251359,-6.967552
ROCKCORRY,MONAGHAN,54.120148,-7.009401
SCOTSTOWN,MONAGHAN,54.280256,-7.063658
BANAGHER,OFFALY,53.190531,-7.985945
BIRR,OFFALY,53.096047,-7.911538
CLARA,OFFALY,53.345409,-7.614124
CLOGHAN,OFFALY,53.224842,-7.877532
CLONBULLOGE,OFFALY,53.259139,-7.085781
DAINGEAN,OFFALY,53.292948,-7.293594
EDENDERRY,OFFALY,53.336831,-7.060844
FERBANE,OFFALY,53.270745,-7.827635
KILCORMAC,OFFALY,53.176179,-7.728853
KINNITTY,OFFALY,53.09841,-7.722164
MONEYGALL,OFFALY,52.881289,-7.953454
RHODE,OFFALY,53.351086,-7.19485
SHINRONE,OFFALY,52.984675,-7.934145
TULLAMORE,OFFALY,53.27605,-7.494925
ATHLEAGUE,ROSCOMMON,53.568688,-8.252384
BALLAGHADERREEN,ROSCOMMON,53.899918,-8.584606
BALLINLOUGH,ROSCOMMON,53.740761,-8.635838
BOYLE,ROSCOMMON,53.973357,-8.300415
CASTLEREA,ROSCOMMON,53.766619,-8.484078
CLONARK,ROSCOMMON,53.368388,-8.034672
ELPHIN,ROSCOMMON,53.845808,-8.192497
FRENCHPARK,ROSCOMMON,53.869523,-8.407892
KEADUE,ROSCOMMON,54.050632,-8.137321
ROOSKEY,ROSCOMMON,53.832855,-7.922855
ROSCOMMON,ROSCOMMON,53.629832,-8.193594
STROKESTOWN,ROSCOMMON,53.78075,-8.103837
TAUGHMACONNELL,ROSCOMMON,53.393154,-8.172978
TULSK,ROSCOMMON,53.777432,-8.251847
BALLYMOTE,SLIGO,54.087413,-8.515244
COLLOONEY,SLIGO,54.185464,-8.487887
COOLANEY,SLIGO,54.172354,-8.603408
ENNISCRONE,SLIGO,54.213827,-9.088522
GRANGE,SLIGO,54.393349,-8.520769
GURTEEN,SLIGO,53.992953,-8.515848
RIVERSTOWN,SLIGO,54.129554,-8.400017
ROSSES POINT,SLIGO,54.305351,-8.546565
SKREEN,SLIGO,54.244582,-8.720428
SLIGO,SLIGO,54.269238,-8.471288
TOBERCURRY,SLIGO,54.051558,-8.734286
ARDFINNAN,TIPPERARY,52.31183,-7.878324
BALLINGARRY NORTH,TIPPERARY,53.018362,-8.030478
BALLINGARRY SOUTH,TIPPERARY,52.58604,-7.541178
BALLYPOREEN,TIPPERARY,52.270205,-8.097757
BANSHA,TIPPERARY,52.449253,-8.065596
BORRISOKANE,TIPPERARY,52.997113,-8.127027
BORRISOLEIGH,TIPPERARY,52.751488,-7.955385
CAHIR,TIPPERARY,52.375971,-7.920311
CAPPAWHITE,TIPPERARY,52.583156,-8.164846
CARRICK-ON-SUIR,TIPPERARY,52.348155,-7.40991
CASHEL,TIPPERARY,52.516335,-7.890315
CLOGHEEN,TIPPERARY,52.276899,-7.99535
CLONMEL,TIPPERARY,52.354093,-7.699951
CLOUGHJORDAN,TIPPERARY,52.941963,-8.039728
DOLLA,TIPPERARY,52.79713,-8.192127
EMLY,TIPPERARY,52.465126,-8.354194
FETHARD,TIPPERARY,52.466396,-7.694442
GOLDEN,TIPPERARY,52.49677,-7.984706
HOLYCROSS,TIPPERARY,52.64257,-7.872925
KILLENAULE,TIPPERARY,52.568518,-7.672841
KILSHEELAN,TIPPERARY,52.361523,-7.579816
LITTLETON,TIPPERARY,52.6407,-7.734941
LORRHA,TIPPERARY,53.093654,-8.122091
MOYNE,TIPPERARY,52.73427,-7.714119
MULLINAHONE,TIPPERARY,52.510156,-7.50559
NENAGH,TIPPERARY,52.864275,-8.199595
NEWPORT,TIPPERARY,52.709617,-8.407184
PORTROE,TIPPERARY,52.881899,-8.353687
ROSCREA,TIPPERARY,52.956159,-7.798797
SHEVRY,TIPPERARY,52.686932,-8.047143
TEMPLEDERRY,TIPPERARY,52.77414,-8.075023
TEMPLEMORE,TIPPERARY,52.79663,-7.835102
TEMPLETUOHY,TIPPERARY,52.790291,-7.72011
THURLES,TIPPERARY,52.67571,-7.811914
TIPPERARY,TIPPERARY,52.47605,-8.162912
TOOMEVARA,TIPPERARY,52.84968,-8.036515
AGLISH,WATERFORD,52.071592,-7.822052
ARDMORE,WATERFORD,51.951022,-7.728225
BALLYMACARBERY,WATERFORD,52.267228,-7.717721
CAPPOQUIN,WATERFORD,52.145887,-7.845736
DUNGARVAN,WATERFORD,52.087693,-7.62449
DUNMORE EAST,WATERFORD,52.148392,-6.992888
KILL,WATERFORD,52.177326,-7.335114
KILMACTHOMAS,WATERFORD,52.206192,-7.421351
KILMEADEN,WATERFORD,52.246249,-7.245064
LEAMYBRIEN,WATERFORD,52.16933,-7.52165
LISMORE,WATERFORD,52.136674,-7.935526
PASSAGE EAST,WATERFORD,52.239183,-6.972827
PORTLAW,WATERFORD,52.286265,-7.317629
RATHGORMACK,WATERFORD,52.307457,-7.503785
RING,WATERFORD,52.048382,-7.593059
TALLOW,WATERFORD,52.093704,-8.007309
TRAMORE,WATERFORD,52.161477,-7.15343
WATERFORD,WATERFORD,52.260271,-7.115272
ATHLONE,WESTMEATH,53.423241,-7.944756
BALLYMORE,WESTMEATH,53.491075,-7.681751
BALLYNACARGY,WESTMEATH,53.586303,-7.534966
CASTLEPOLLARD,WESTMEATH,53.678475,-7.296659
DELVIN,WESTMEATH,53.614449,-7.090109
GLASSAN,WESTMEATH,53.471347,-7.864274
KILBEGGAN,WESTMEATH,53.368538,-7.499204
KILLUCAN,WESTMEATH,53.514708,-7.139693
KINNEGAD,WESTMEATH,53.455922,-7.102828
MOATE,WESTMEATH,53.395731,-7.734545
MULLINGAR,WESTMEATH,53.525694,-7.345974
MULTYFARNHAM,WESTMEATH,53.624224,-7.392356
ROCHFORTBRIDGE,WESTMEATH,53.413278,-7.301854
BALLYCULLANE,WEXFORD,52.278871,-6.83923
BLACKWATER,WEXFORD,52.445413,-6.348845
CAMPILE,WEXFORD,52.287785,-6.93964
CARRICK-ON-BANNOW,WEXFORD,52.238169,-6.734038
CARRICKBYRNE,WEXFORD,52.362379,-6.759732
CASTLEBRIDGE,WEXFORD,52.384714,-6.45258
CLONROCHE,WEXFORD,52.450377,-6.715892
COURTOWN,WEXFORD,52.644259,-6.230548
DUNCANNON,WEXFORD,52.221404,-6.929794
ENNISCORTHY,WEXFORD,52.500741,-6.570701
FERNS,WEXFORD,52.590997,-6.497785
GLYNN,WEXFORD,52.37277,-6.58291
GOREY,WEXFORD,52.675048,-6.29729
KILMORE QUAY,WEXFORD,52.17867,-6.58375
NEW ROSS,WEXFORD,52.387566,-6.950818
OULART,WEXFORD,52.503339,-6.391352
OYLEGATE,WEXFORD,52.424083,-6.529634
ROSSLARE HARBOUR,WEXFORD,52.248754,-6.33412
ROSSLARE STRAND,WEXFORD,52.269658,-6.384868
TAGHMON,WEXFORD,52.322033,-6.651746
WEXFORD,WEXFORD,52.33555,-6.462016
ARKLOW,WICKLOW,52.796283,-6.15465
ASHFORD,WICKLOW,53.013446,-6.108298
AUGHRIM,WICKLOW,52.856032,-6.326862
AVOCA,WICKLOW,52.85879,-6.212927
BALTINGLASS,WICKLOW,52.938985,-6.709793
BLESSINGTON,WICKLOW,53.170265,-6.533758
BRAY,WICKLOW,53.198679,-6.100622
CARNEW,WICKLOW,52.710508,-6.491788
DUNLAVIN,WICKLOW,53.058775,-6.701092
ENNISKERRY,WICKLOW,53.191343,-6.169558
GREYSTONES,WICKLOW,53.147965,-6.063191
NEWTOWNMOUNTKENNEDY,WICKLOW,53.096896,-6.109466
RATHDRUM,WICKLOW,52.930997,-6.226528
ROUNDWOOD,WICKLOW,53.063047,-6.224702
SHILLELAGH,WICKLOW,52.754566,-6.537527
TINAHELY,WICKLOW,52.796725,-6.469304
WICKLOW,WICKLOW,52.981437,-6.042662
